Date,MICROSOFT,SANDP,CPI,INDPRO,M1SUPPLY,CCREDIT,BMINUSA,USTB3M,USTB10Y
Mar-86,0.10,238.90,108.80,56.54,624.30,606.80,1.50,6.76,7.78
Apr-86,0.11,235.52,108.60,56.57,647.00,614.37,1.40,6.24,7.30
May-86,0.12,247.35,108.90,56.69,645.70,621.92,1.20,6.33,7.71
Jun-86,0.11,250.84,109.50,56.50,662.80,627.89,1.21,6.40,7.80
Jul-86,0.10,236.12,109.50,56.81,673.40,633.61,1.28,6.00,7.30
Aug-86,0.10,252.93,109.70,56.73,678.40,640.51,1.46,5.69,7.17
Sep-86,0.10,231.32,110.20,56.85,684.50,649.89,1.31,5.35,7.45
Oct-86,0.13,243.98,110.30,57.12,692.20,656.74,1.38,5.32,7.43
Nov-86,0.17,249.22,110.40,57.38,708.80,656.90,1.39,5.50,7.25
Dec-86,0.17,242.17,110.50,57.86,739.80,666.36,1.48,5.68,7.11
Jan-87,0.25,274.08,111.20,57.69,737.10,655.33,1.36,5.58,7.08
Feb-87,0.27,284.20,111.60,58.44,717.10,648.08,1.27,5.75,7.25
Mar-87,0.34,291.70,112.10,58.52,723.10,644.32,1.25,5.77,7.25
Apr-87,0.36,288.36,112.70,58.89,752.00,651.11,1.19,5.82,8.02
May-87,0.40,290.10,113.10,59.27,739.30,654.39,1.18,5.85,8.61
Jun-87,0.35,304.00,113.50,59.54,743.80,660.31,1.20,5.85,8.40
Jul-87,0.33,318.66,113.80,59.96,746.20,665.71,1.19,5.88,8.45
Aug-87,0.41,329.80,114.40,60.45,744.20,673.74,1.13,6.23,8.76
Sep-87,0.46,321.83,115.00,60.61,744.50,679.64,1.13,6.62,9.42
Oct-87,0.35,251.79,115.30,61.49,753.20,683.71,1.10,6.35,9.52
Nov-87,0.31,230.30,115.40,61.82,755.50,687.82,1.22,5.89,8.86
Dec-87,0.38,247.08,115.40,62.11,765.40,698.64,1.18,5.96,8.99
Jan-88,0.39,257.07,115.70,62.14,764.20,695.23,1.19,6.00,8.67
Feb-88,0.41,267.82,116.00,62.41,744.50,692.51,1.22,5.84,8.21
Mar-88,0.39,258.89,116.50,62.55,751.60,693.73,1.18,5.87,8.37
Apr-88,0.38,261.33,117.10,62.90,777.90,700.63,1.23,6.08,8.72
May-88,0.40,262.16,117.50,62.82,763.40,705.43,1.14,6.45,9.09
Jun-88,0.47,273.50,118.00,62.98,778.50,710.13,1.14,6.66,8.92
Jul-88,0.41,272.02,118.50,63.00,785.50,713.71,1.15,6.95,9.06
Aug-88,0.35,261.52,119.00,63.28,781.00,722.93,1.10,7.30,9.26
Sep-88,0.36,271.91,119.80,63.11,779.70,725.84,1.08,7.48,8.98
Oct-88,0.34,278.97,120.20,63.41,780.80,728.13,0.90,7.60,8.80
Nov-88,0.33,273.70,120.30,63.52,786.90,732.67,1.03,8.03,8.96
Dec-88,0.37,277.72,120.50,63.82,803.10,745.21,1.08,8.35,9.11
Jan-89,0.41,297.47,121.10,64.01,792.10,753.01,1.03,8.56,9.09
Feb-89,0.41,288.86,121.60,63.72,771.60,749.70,0.97,8.84,9.17
Mar-89,0.35,294.87,122.30,63.87,774.60,753.19,0.87,9.14,9.36
Apr-89,0.39,309.64,123.10,63.92,790.20,759.28,0.82,8.96,9.18
May-89,0.42,320.52,123.80,63.48,766.10,764.08,0.89,8.74,8.86
Jun-89,0.37,317.98,124.10,63.51,772.80,769.62,0.93,8.43,8.28
Jul-89,0.38,346.08,124.40,62.95,780.70,773.20,0.94,8.15,8.02
Aug-89,0.41,351.45,124.60,63.52,776.50,780.19,0.92,8.17,8.11
Sep-89,0.48,349.15,125.00,63.30,777.70,784.21,0.90,8.01,8.19
Oct-89,0.57,340.36,125.60,63.25,783.20,787.05,0.89,7.90,8.01
Nov-89,0.60,345.99,125.90,63.46,790.20,793.17,0.92,7.94,7.87
Dec-89,0.60,353.40,126.10,63.85,810.60,809.29,0.96,7.88,7.84
Jan-90,0.64,329.08,127.40,63.42,800.70,802.84,0.95,7.90,8.21
Feb-90,0.69,331.89,128.00,64.05,786.70,796.35,0.92,8.00,8.47
Mar-90,0.77,339.94,128.70,64.36,794.50,792.32,0.84,8.17,8.59
Apr-90,0.81,330.80,128.90,64.26,816.20,793.29,0.84,8.04,8.79
May-90,1.01,361.23,129.20,64.40,795.50,794.02,0.94,8.01,8.76
Jun-90,1.06,358.02,129.90,64.61,809.00,798.71,0.96,7.99,8.48
Jul-90,0.92,356.15,130.40,64.53,811.00,803.03,0.96,7.87,8.47
Aug-90,0.85,322.56,131.60,64.73,812.70,809.53,1.00,7.69,8.75
Sep-90,0.88,306.05,132.70,64.81,817.10,812.30,1.08,7.60,8.89
Oct-90,0.89,304.00,133.50,64.33,816.10,813.61,1.21,7.40,8.72
Nov-90,1.00,322.22,133.80,63.57,824.60,816.44,1.32,7.29,8.39
Dec-90,1.05,330.22,133.80,63.16,842.70,824.39,1.38,6.95,8.08
Jan-91,1.36,343.93,134.60,62.88,831.70,812.74,1.41,6.41,8.09
Feb-91,1.44,367.07,134.80,62.45,822.10,805.20,1.24,6.12,7.85
Mar-91,1.47,375.22,135.00,62.12,833.70,802.21,1.16,6.09,8.11
Apr-91,1.38,375.34,135.20,62.25,851.90,802.18,1.08,5.83,8.04
May-91,1.52,389.83,135.60,62.87,840.30,801.64,1.00,5.63,8.07
Jun-91,1.42,371.16,136.00,63.44,856.70,801.31,0.95,5.75,8.28
Jul-91,1.53,387.81,136.20,63.51,860.90,799.43,0.89,5.75,8.27
Aug-91,1.78,395.43,136.60,63.56,863.20,802.12,0.90,5.50,7.90
Sep-91,1.85,387.86,137.20,64.12,865.40,802.50,0.90,5.37,7.65
Oct-91,1.96,392.45,137.40,64.02,874.00,799.45,0.94,5.14,7.53
Nov-91,2.03,375.22,137.80,63.94,892.30,801.15,0.97,4.69,7.42
Dec-91,2.32,417.09,137.90,63.69,915.60,815.58,0.95,4.18,7.09
Jan-92,2.51,408.78,138.10,63.34,916.40,805.84,0.93,3.91,7.03
Feb-92,2.57,412.70,138.60,63.79,915.10,797.77,0.94,3.95,7.34
Mar-92,2.47,403.69,139.30,64.32,929.60,793.35,0.90,4.14,7.54
Apr-92,2.30,414.95,139.50,64.81,953.70,791.92,0.88,3.84,7.48
May-92,2.52,415.35,139.70,65.02,942.90,791.23,0.85,3.72,7.39
Jun-92,2.19,408.14,140.20,65.03,951.00,792.33,0.83,3.75,7.26
Jul-92,2.27,424.21,140.50,65.62,962.00,792.95,0.77,3.28,6.84
Aug-92,2.33,414.03,140.90,65.29,970.10,799.38,0.70,3.20,6.59
Sep-92,2.52,417.80,141.30,65.45,982.70,801.93,0.70,2.97,6.42
Oct-92,2.77,418.68,141.80,65.94,1000.80,800.77,0.85,2.93,6.59
Nov-92,2.91,431.35,142.00,66.22,1021.40,805.83,0.86,3.21,6.87
Dec-92,2.67,435.71,141.90,66.28,1045.60,824.77,0.83,3.29,6.77
Jan-93,2.70,438.78,142.60,66.57,1039.80,816.41,0.76,3.07,6.60
Feb-93,2.61,443.38,143.10,66.86,1021.90,811.70,0.68,2.99,6.26
Mar-93,2.89,451.67,143.60,66.77,1030.50,807.26,0.57,3.01,5.98
Apr-93,2.67,440.19,144.00,67.00,1057.40,813.56,0.68,2.93,5.97
May-93,2.89,450.19,144.20,66.76,1056.80,812.92,0.78,3.03,6.04
Jun-93,2.75,450.53,144.40,66.88,1071.80,818.66,0.74,3.14,5.96
Jul-93,2.31,448.13,144.40,67.08,1083.10,823.98,0.76,3.11,5.81
Aug-93,2.35,463.56,144.80,67.01,1088.10,833.71,0.75,3.09,5.68
Sep-93,2.58,458.93,145.10,67.33,1098.80,842.67,0.68,3.01,5.36
Oct-93,2.50,467.83,145.70,67.85,1111.60,849.40,0.64,3.09,5.33
Nov-93,2.50,461.79,145.80,68.14,1129.00,860.16,0.73,3.18,5.72
Dec-93,2.52,466.45,145.80,68.50,1153.30,886.17,0.76,3.13,5.77
Jan-94,2.66,481.61,146.20,68.76,1141.70,879.43,0.73,3.04,5.75
Feb-94,2.58,467.14,146.70,68.78,1123.80,877.14,0.68,3.33,5.97
Mar-94,2.65,445.77,147.20,69.48,1131.10,883.88,0.65,3.59,6.48
Apr-94,2.89,450.91,147.40,69.87,1152.20,894.02,0.64,3.78,6.97
May-94,3.36,456.50,147.50,70.23,1132.00,905.18,0.63,4.27,7.18
Jun-94,3.23,444.27,148.00,70.68,1141.80,918.58,0.68,4.25,7.10
Jul-94,3.22,458.26,148.40,70.79,1150.90,925.10,0.69,4.46,7.30
Aug-94,3.63,475.49,149.00,71.21,1144.10,944.40,0.67,4.61,7.24
Sep-94,3.51,462.71,149.40,71.48,1146.40,959.95,0.64,4.75,7.46
Oct-94,3.94,472.35,149.50,72.08,1147.90,971.02,0.63,5.10,7.74
Nov-94,3.93,453.69,149.70,72.53,1156.20,985.85,0.64,5.45,7.96
Dec-94,3.82,459.27,149.70,73.29,1174.50,1021.17,0.64,5.76,7.81
Jan-95,3.71,470.42,150.30,73.42,1159.50,1018.36,0.62,5.90,7.78
Feb-95,3.94,487.39,150.90,73.31,1135.30,1014.09,0.59,5.94,7.47
Mar-95,4.45,500.71,151.40,73.41,1139.30,1024.55,0.58,5.91,7.20
Apr-95,5.11,514.71,151.90,73.36,1160.30,1035.35,0.57,5.84,7.06
May-95,5.29,533.40,152.20,73.61,1134.00,1048.34,0.55,5.85,6.63
Jun-95,5.65,544.75,152.50,73.86,1141.00,1063.13,0.60,5.64,6.17
Jul-95,5.66,562.06,152.50,73.57,1145.70,1071.30,0.63,5.59,6.28
Aug-95,5.78,561.88,152.90,74.50,1139.30,1089.56,0.62,5.57,6.49
Sep-95,5.66,584.41,153.20,74.79,1138.40,1109.60,0.61,5.43,6.20
Oct-95,6.25,581.50,153.70,74.70,1132.90,1116.86,0.63,5.44,6.04
Nov-95,5.45,605.37,153.60,74.89,1138.60,1137.49,0.66,5.52,5.93
Dec-95,5.48,615.93,153.50,75.17,1152.70,1168.16,0.67,5.29,5.71
Jan-96,5.78,636.02,154.40,74.68,1130.20,1158.34,0.66,5.15,5.65
Feb-96,6.17,640.43,154.90,75.84,1105.80,1156.84,0.64,4.96,5.81
Mar-96,6.45,645.50,155.70,75.76,1118.00,1162.21,0.68,5.10,6.27
Apr-96,7.08,654.17,156.30,76.46,1131.80,1173.35,0.69,5.09,6.51
May-96,7.42,669.12,156.60,77.02,1105.90,1183.00,0.68,5.15,6.74
Jun-96,7.51,670.63,156.70,77.67,1115.00,1196.58,0.69,5.23,6.91
Jul-96,7.37,639.95,157.00,77.57,1110.70,1208.22,0.70,5.30,6.87
Aug-96,7.66,651.99,157.30,78.01,1097.70,1223.09,0.72,5.19,6.64
Sep-96,8.24,687.33,157.80,78.55,1091.70,1229.85,0.69,5.24,6.83
Oct-96,8.58,705.27,158.30,78.51,1078.40,1235.11,0.68,5.12,6.53
Nov-96,9.80,757.02,158.60,79.20,1087.40,1246.95,0.69,5.17,6.20
Dec-96,10.33,740.74,158.60,79.71,1105.80,1273.88,0.69,5.04,6.30
Jan-97,12.75,786.16,159.10,79.82,1087.90,1264.21,0.67,5.17,6.58
Feb-97,12.19,790.82,159.60,80.78,1066.80,1256.64,0.63,5.14,6.42
Mar-97,11.46,757.12,160.00,81.34,1069.20,1254.18,0.63,5.28,6.69
Apr-97,15.19,801.34,160.20,81.36,1074.50,1265.17,0.61,5.30,6.89
May-97,15.50,848.28,160.10,81.83,1054.70,1270.59,0.62,5.20,6.71
Jun-97,15.80,885.14,160.30,82.23,1064.80,1278.04,0.61,5.07,6.49
Jul-97,17.67,954.31,160.50,82.85,1065.80,1284.47,0.61,5.19,6.22
Aug-97,16.52,899.47,160.80,83.72,1069.10,1297.51,0.60,5.28,6.30
Sep-97,16.54,947.28,161.20,84.46,1059.50,1305.80,0.55,5.08,6.21
Oct-97,16.25,914.62,161.60,85.20,1057.60,1313.41,0.57,5.11,6.03
Nov-97,17.69,955.40,161.50,85.95,1074.10,1317.69,0.55,5.28,5.88
Dec-97,16.16,970.43,161.30,86.21,1097.50,1344.16,0.56,5.30,5.81
Jan-98,18.65,980.28,161.60,86.66,1080.20,1329.40,0.58,5.18,5.54
Feb-98,21.19,1049.34,161.90,86.76,1066.20,1321.53,0.58,5.23,5.57
Mar-98,22.38,1101.75,162.20,86.82,1075.90,1324.04,0.60,5.16,5.65
Apr-98,22.53,1111.75,162.50,87.13,1087.70,1351.05,0.64,5.08,5.64
May-98,21.20,1090.82,162.80,87.69,1070.80,1353.31,0.61,5.14,5.65
Jun-98,27.09,1133.84,163.00,87.14,1075.20,1367.74,0.60,5.12,5.50
Jul-98,27.48,1120.67,163.20,86.84,1074.20,1374.04,0.60,5.09,5.46
Aug-98,23.98,957.28,163.40,88.63,1069.30,1388.96,0.62,5.04,5.34
Sep-98,27.52,1017.01,163.60,88.46,1070.60,1400.72,0.69,4.74,4.81
Oct-98,26.47,1098.67,164.00,89.17,1077.40,1408.54,0.81,4.07,4.53
Nov-98,30.50,1163.63,164.00,89.11,1098.00,1414.64,0.93,4.53,4.83
Dec-98,34.67,1229.23,163.90,89.44,1121.20,1441.27,1.01,4.50,4.65
Jan-99,43.75,1279.64,164.30,89.86,1103.90,1441.93,1.05,4.45,4.72
Feb-99,37.53,1238.33,164.50,90.33,1085.20,1440.16,0.99,4.56,5.00
Mar-99,44.81,1286.37,165.00,90.47,1097.50,1442.40,0.91,4.57,5.23
Apr-99,40.66,1335.18,166.20,90.73,1113.60,1448.81,0.84,4.41,5.18
May-99,40.34,1301.84,166.20,91.35,1096.40,1459.94,0.79,4.63,5.54
Jun-99,45.09,1372.71,166.20,91.20,1098.20,1471.58,0.79,4.72,5.90
Jul-99,42.91,1328.72,166.70,91.78,1097.20,1483.78,0.76,4.69,5.79
Aug-99,46.28,1320.41,167.10,92.17,1092.80,1504.11,0.75,4.87,5.94
Sep-99,45.28,1282.71,167.90,91.78,1086.20,1511.89,0.81,4.82,5.92
Oct-99,46.28,1362.93,168.20,93.00,1095.10,1519.40,0.83,5.02,6.11
Nov-99,45.52,1388.91,168.30,93.44,1113.00,1531.96,0.79,5.23,6.03
Dec-99,58.38,1469.25,168.30,94.16,1148.20,1553.62,0.64,5.36,6.28
Jan-00,48.94,1394.46,168.80,94.17,1126.90,1551.88,0.55,5.50,6.66
Feb-00,44.69,1366.42,169.80,94.43,1097.40,1549.33,0.61,5.73,6.52
Mar-00,53.13,1498.58,171.20,94.79,1108.90,1553.77,0.69,5.86,6.26
Apr-00,34.88,1452.43,171.30,95.49,1125.70,1564.21,0.76,5.82,5.99
May-00,31.28,1420.60,171.50,95.64,1100.40,1576.80,0.91,5.99,6.44
Jun-00,40.00,1454.60,172.40,95.74,1101.80,1601.77,0.81,5.86,6.10
Jul-00,34.91,1430.83,172.80,95.60,1102.80,1619.51,0.70,6.14,6.05
Aug-00,34.91,1517.68,172.80,95.32,1094.50,1649.87,0.71,6.28,5.83
Sep-00,30.16,1436.51,173.70,95.68,1088.80,1667.07,0.73,6.18,5.80
Oct-00,34.44,1429.40,174.00,95.40,1092.20,1685.79,0.79,6.29,5.74
Nov-00,28.69,1314.95,174.10,95.42,1092.10,1705.96,0.83,6.36,5.72
Dec-00,21.69,1320.28,174.00,95.16,1111.70,1741.27,0.81,5.94,5.24
Jan-01,30.53,1366.01,175.10,94.55,1100.40,1744.17,0.78,5.29,5.16
Feb-01,29.50,1239.94,175.80,93.98,1089.80,1746.98,0.77,5.01,5.10
Mar-01,27.34,1160.33,176.20,93.73,1111.20,1749.72,0.86,4.54,4.89
Apr-01,33.88,1249.46,176.90,93.46,1126.70,1765.92,0.87,3.97,5.14
May-01,34.59,1255.82,177.70,92.88,1114.70,1773.88,0.78,3.70,5.39
Jun-01,36.50,1224.38,178.00,92.33,1126.30,1784.25,0.79,3.57,5.28
Jul-01,33.10,1211.23,177.50,91.81,1139.70,1787.24,0.84,3.59,5.24
Aug-01,28.53,1133.58,177.50,91.68,1144.50,1805.49,0.83,3.44,4.97
Sep-01,25.58,1040.94,178.30,91.33,1193.60,1814.35,0.86,2.69,4.73
Oct-01,29.08,1059.78,177.70,90.94,1159.20,1832.50,0.88,2.20,4.57
Nov-01,32.11,1139.45,177.40,90.49,1169.00,1863.10,0.84,1.91,4.65
Dec-01,33.13,1148.08,176.70,90.52,1208.50,1891.83,1.28,1.72,5.09
Jan-02,31.86,1130.20,177.10,91.09,1191.80,1883.48,1.32,1.68,5.04
Feb-02,29.17,1106.73,177.80,91.07,1178.30,1880.34,1.38,1.76,4.91
Mar-02,30.16,1147.39,178.80,91.80,1196.80,1883.52,1.30,1.83,5.28
Apr-02,26.13,1076.92,179.80,92.18,1196.90,1895.69,1.27,1.75,5.21
May-02,25.46,1067.14,179.80,92.57,1186.00,1906.47,1.34,1.76,5.16
Jun-02,27.35,989.82,179.90,93.45,1194.70,1917.64,1.32,1.73,4.93
Jul-02,23.99,911.62,180.10,93.23,1200.40,1928.37,1.37,1.71,4.65
Aug-02,24.54,916.07,180.70,93.23,1182.30,1946.78,1.21,1.65,4.26
Sep-02,21.87,815.28,181.00,93.36,1185.80,1951.61,1.25,1.66,3.87
Oct-02,26.74,885.76,181.30,93.08,1196.60,1960.56,1.41,1.61,3.94
Nov-02,28.84,936.31,181.30,93.56,1205.30,1970.64,1.31,1.25,4.05
Dec-02,25.85,879.82,180.90,93.11,1245.50,1997.01,1.24,1.21,4.03
Jan-03,23.73,855.70,181.70,93.65,1225.50,2000.69,1.18,1.19,4.05
Feb-03,23.70,841.15,183.10,93.95,1225.50,1992.28,1.11,1.19,3.90
Mar-03,24.21,848.18,184.20,93.74,1245.10,1989.12,1.06,1.15,3.81
Apr-03,25.57,916.92,183.80,93.08,1259.60,2004.20,1.11,1.15,3.96
May-03,24.61,963.59,183.50,93.10,1266.60,2018.08,1.16,1.09,3.57
Jun-03,25.64,974.50,183.70,93.25,1284.70,2021.93,1.22,0.94,3.33
Jul-03,26.41,990.31,183.90,93.66,1287.90,2028.55,1.13,0.92,3.98
Aug-03,26.52,1008.01,184.60,93.52,1292.20,2049.10,1.13,0.97,4.45
Sep-03,27.80,995.97,185.20,94.07,1286.20,2059.68,1.07,0.96,4.27
Oct-03,26.14,1050.71,185.00,94.21,1288.80,2069.68,1.03,0.94,4.29
Nov-03,25.71,1058.20,184.50,94.94,1293.90,2072.47,1.01,0.95,4.30
Dec-03,27.37,1111.92,184.30,94.86,1332.50,2102.93,0.98,0.91,4.27
Jan-04,27.65,1131.13,185.20,95.11,1301.80,2108.33,0.90,0.90,4.15
Feb-04,26.53,1144.94,186.20,95.68,1306.70,2094.37,0.77,0.94,4.08
Mar-04,24.93,1126.21,187.40,95.21,1337.90,2096.47,0.78,0.95,3.83
Apr-04,26.13,1107.30,188.00,95.63,1343.20,2101.00,0.73,0.96,4.35
May-04,26.23,1120.68,189.10,96.40,1333.40,2109.81,0.71,1.04,4.72
Jun-04,28.56,1140.84,189.70,95.60,1347.70,2114.54,0.77,1.29,4.73
Jul-04,28.49,1101.72,189.40,96.34,1338.80,2124.47,0.80,1.36,4.50
Aug-04,27.30,1104.24,189.50,96.41,1352.60,2144.51,0.81,1.50,4.28
Sep-04,27.65,1114.58,189.90,96.49,1349.10,2164.87,0.81,1.68,4.13
Oct-04,27.97,1130.20,190.90,97.41,1351.40,2181.57,0.74,1.79,4.10
Nov-04,26.81,1173.82,191.00,97.62,1371.00,2191.72,0.68,2.11,4.19
Dec-04,26.72,1211.92,190.30,98.33,1401.50,2220.12,0.68,2.22,4.23
Jan-05,26.28,1181.27,190.70,98.79,1361.50,2218.59,0.66,2.37,4.22
Feb-05,25.16,1203.60,191.80,99.46,1355.00,2210.31,0.62,2.58,4.17
Mar-05,24.17,1180.59,193.30,99.32,1381.70,2204.97,0.66,2.80,4.50
Apr-05,25.30,1156.85,194.60,99.46,1369.40,2218.38,0.72,2.84,4.34
May-05,25.80,1191.50,194.40,99.60,1369.50,2219.41,0.86,2.90,4.14
Jun-05,24.84,1191.33,194.50,99.98,1384.30,2232.39,0.90,3.04,4.00
Jul-05,25.61,1234.18,195.40,99.67,1365.40,2243.38,0.89,3.29,4.18
Aug-05,27.38,1220.33,196.40,99.95,1376.90,2269.99,0.87,3.52,4.26
Sep-05,25.73,1228.81,198.80,98.08,1363.50,2278.38,0.90,3.49,4.20
Oct-05,25.70,1207.01,199.20,99.32,1365.40,2282.04,0.95,3.79,4.46
Nov-05,27.68,1249.48,197.60,100.33,1373.60,2294.23,0.97,3.97,4.54
Dec-05,26.15,1248.29,196.80,100.95,1397.20,2320.55,0.95,3.97,4.47
Jan-06,28.15,1280.08,198.30,101.06,1375.50,2360.43,0.95,4.34,4.42
Feb-06,26.87,1280.66,198.70,101.08,1362.00,2340.98,0.92,4.54,4.57
Mar-06,27.21,1294.87,199.80,101.27,1394.70,2337.59,0.88,4.63,4.72
Apr-06,24.15,1310.61,201.50,101.69,1393.60,2350.66,0.84,4.72,4.99
May-06,22.65,1270.09,202.50,101.58,1392.10,2362.52,0.80,4.84,5.11
Jun-06,23.30,1270.20,202.90,101.97,1379.00,2349.61,0.89,4.92,5.11
Jul-06,24.06,1276.66,203.50,101.94,1368.60,2363.15,0.91,5.08,5.09
Aug-06,25.70,1303.82,203.90,102.33,1370.60,2398.83,0.91,5.09,4.88
Sep-06,27.35,1335.85,202.90,102.12,1347.40,2411.44,0.92,4.93,4.72
Oct-06,28.71,1377.94,201.80,102.07,1360.30,2406.86,0.91,5.05,4.73
Nov-06,29.36,1400.63,201.50,101.95,1368.50,2423.41,0.87,5.07,4.60
Dec-06,29.86,1418.30,201.80,103.03,1387.70,2456.72,0.90,4.97,4.56
Jan-07,30.86,1438.24,202.42,102.49,1369.00,2456.99,0.94,5.11,4.76
Feb-07,28.17,1406.82,203.50,103.54,1347.50,2441.26,0.89,5.16,4.72
Mar-07,27.87,1420.86,205.35,103.75,1378.40,2440.17,0.97,5.08,4.56
Apr-07,29.94,1482.37,206.69,104.50,1392.30,2449.78,0.92,5.01,4.69
May-07,30.69,1530.62,207.95,104.54,1385.60,2467.65,0.92,4.87,4.75
Jun-07,29.47,1503.35,208.35,104.57,1370.80,2476.97,0.91,4.74,5.10
Jul-07,28.99,1455.27,208.30,104.52,1368.60,2498.56,0.92,4.96,5.00
Aug-07,28.73,1473.99,207.92,104.74,1372.80,2539.61,0.86,4.32,4.67
Sep-07,29.46,1526.75,208.49,105.15,1356.30,2555.55,0.85,3.99,4.52
Oct-07,36.81,1549.38,208.94,104.72,1369.40,2563.15,0.82,4.00,4.53
Nov-07,33.60,1481.14,210.18,105.30,1370.50,2582.57,0.96,3.35,4.15
Dec-07,35.60,1468.36,210.04,105.35,1394.90,2609.48,1.16,3.07,4.10
Jan-08,32.60,1378.55,211.08,105.07,1375.90,2620.47,1.21,2.82,3.74
Feb-08,27.20,1330.63,211.69,104.71,1365.90,2606.91,1.29,2.17,3.74
Mar-08,28.38,1322.70,213.53,104.46,1401.10,2602.01,1.38,1.28,3.51
Apr-08,28.52,1385.59,214.82,103.67,1406.60,2611.81,1.42,1.31,3.68
May-08,28.32,1400.38,216.63,103.09,1396.50,2616.46,1.36,1.76,3.88
Jun-08,27.51,1280.00,218.82,102.84,1407.30,2620.45,1.39,1.89,4.10
Jul-08,25.72,1267.38,219.96,102.29,1417.70,2629.35,1.49,1.66,4.01
Aug-08,27.29,1282.83,219.09,100.72,1401.30,2646.80,1.51,1.75,3.89
Sep-08,26.69,1166.36,218.78,96.36,1441.50,2643.81,1.66,1.15,3.69
Oct-08,22.33,968.75,216.57,97.28,1462.60,2638.96,2.60,0.69,3.81
Nov-08,20.22,896.24,212.43,96.06,1513.70,2634.99,3.09,0.19,3.53
Dec-08,19.44,903.25,210.23,93.25,1632.30,2643.79,3.38,0.03,2.42
Jan-09,17.10,825.88,211.14,91.03,1580.70,2648.69,3.09,0.13,2.52
Feb-09,16.15,735.09,212.19,90.44,1552.00,2610.03,2.81,0.30,2.87
Mar-09,18.37,797.87,212.71,89.01,1594.90,2578.18,2.92,0.22,2.82
Apr-09,20.26,872.81,213.24,88.30,1627.70,2570.82,3.00,0.16,2.93
May-09,20.89,919.14,213.86,87.41,1617.90,2565.77,2.52,0.18,3.29
Jun-09,23.77,919.32,215.69,87.07,1661.70,2548.87,1.89,0.18,3.72
Jul-09,23.52,987.48,215.35,88.03,1657.70,2550.76,1.68,0.18,3.56
Aug-09,24.65,1020.62,215.83,89.02,1651.30,2563.04,1.32,0.17,3.59
Sep-09,25.72,1057.08,215.97,89.70,1641.00,2558.79,1.18,0.12,3.40
Oct-09,27.73,1036.19,216.18,89.99,1664.30,2537.28,1.14,0.07,3.39
Nov-09,29.41,1095.63,216.33,90.35,1683.10,2533.12,1.13,0.05,3.40
Dec-09,30.48,1115.10,215.95,90.62,1724.40,2555.02,1.11,0.05,3.59
Jan-10,28.18,1073.87,216.69,91.68,1674.20,2541.70,0.99,0.06,3.73
Feb-10,28.67,1104.49,216.74,92.01,1685.20,2502.42,0.99,0.11,3.69
Mar-10,29.29,1169.43,217.63,92.61,1729.50,2493.13,1.00,0.15,3.73
Apr-10,30.54,1186.69,218.01,92.96,1716.00,2487.72,0.96,0.16,3.85
May-10,25.80,1089.41,218.18,94.30,1708.20,2480.87,1.09,0.16,3.42
Jun-10,23.01,1030.71,217.97,94.43,1732.30,2478.45,1.35,0.12,3.20
Jul-10,25.81,1101.60,218.01,94.84,1718.40,2479.88,1.29,0.16,3.01
Aug-10,23.47,1049.33,218.31,95.14,1739.60,2501.59,1.17,0.16,2.70
Sep-10,24.49,1141.20,218.44,95.35,1741.40,2503.86,1.13,0.15,2.65
Oct-10,26.67,1183.26,218.71,95.10,1767.40,2506.00,1.04,0.13,2.54
Nov-10,25.26,1180.55,218.80,95.14,1828.70,2511.50,1.05,0.14,2.76
Dec-10,27.91,1257.64,219.18,96.03,1871.40,2646.81,1.08,0.14,3.29
Jan-11,27.73,1286.12,220.22,95.94,1855.60,2655.67,1.05,0.15,3.39
Feb-11,26.58,1327.22,221.31,95.51,1858.70,2636.25,0.93,0.13,3.58
Mar-11,25.39,1325.83,223.47,96.47,1909.40,2628.60,0.90,0.10,3.41
Apr-11,25.92,1363.61,224.91,96.13,1918.00,2635.20,0.86,0.06,3.46
May-11,25.01,1345.20,225.96,96.33,1934.20,2643.53,0.82,0.04,3.17
Jun-11,26.00,1320.64,225.72,96.59,1954.10,2653.48,0.76,0.04,3.00
Jul-11,27.40,1292.28,225.92,97.10,1994.50,2676.95,0.83,0.04,3.00
Aug-11,26.60,1218.89,226.55,97.66,2101.90,2691.02,0.99,0.02,2.30
Sep-11,24.89,1131.42,226.89,97.61,2099.10,2702.91,1.18,0.01,1.98
Oct-11,26.63,1253.30,226.42,98.29,2128.10,2705.27,1.39,0.02,2.15
Nov-11,25.58,1246.96,226.23,98.23,2164.40,2727.84,1.27,0.01,2.01
Dec-11,25.96,1257.60,225.67,98.77,2208.10,2757.07,1.32,0.01,1.98
Jan-12,29.53,1312.41,226.67,99.37,2209.20,2767.58,1.38,0.03,1.97
Feb-12,31.74,1365.68,227.66,99.64,2194.50,2748.18,1.29,0.09,1.97
Mar-12,32.26,1408.47,229.39,99.16,2246.00,2746.16,1.24,0.08,2.17
Apr-12,32.02,1397.91,230.09,99.92,2268.60,2760.03,1.23,0.08,2.05
May-12,29.19,1310.33,229.82,100.10,2248.40,2781.71,1.27,0.09,1.80
Jun-12,30.59,1362.16,229.48,100.05,2271.00,2795.27,1.38,0.09,1.62
Jul-12,29.47,1379.32,229.10,100.31,2314.60,2803.81,1.47,0.10,1.53
Aug-12,30.82,1406.58,230.38,99.90,2334.60,2843.46,1.43,0.10,1.68
Sep-12,29.76,1440.67,231.41,99.89,2358.00,2854.92,1.35,0.11,1.72
Oct-12,28.54,1412.16,231.32,100.12,2416.20,2867.03,1.11,0.10,1.75
Nov-12,26.62,1416.18,230.22,100.61,2415.20,2887.74,1.01,0.09,1.65
Dec-12,26.71,1426.19,229.60,100.93,2509.80,2918.26,0.98,0.07,1.72
Jan-13,27.45,1498.11,230.28,100.88,2481.30,2932.27,0.93,0.07,1.91
Feb-13,27.80,1514.68,232.17,101.43,2455.70,2924.24,0.95,0.10,1.98
Mar-13,28.61,1569.19,232.77,101.82,2497.20,2919.24,0.92,0.09,1.96
Apr-13,33.10,1597.57,232.53,101.70,2542.30,2930.98,0.86,0.06,1.76
May-13,34.90,1630.74,232.95,101.75,2518.50,2949.10,0.84,0.04,1.93
Jun-13,34.54,1606.28,233.50,101.95,2523.50,2962.26,0.92,0.05,2.30
Jul-13,31.84,1685.73,233.60,101.45,2543.70,2975.79,0.98,0.04,2.58
Aug-13,33.40,1632.97,233.88,102.18,2537.40,3013.75,0.88,0.04,2.74
Sep-13,33.28,1681.55,234.15,102.68,2555.70,3033.03,0.83,0.02,2.81
Oct-13,35.41,1756.54,233.55,102.54,2618.10,3045.61,0.78,0.05,2.62
Nov-13,38.13,1805.81,233.07,102.86,2606.80,3059.29,0.75,0.07,2.72
Dec-13,37.41,1848.36,233.05,103.17,2715.40,3093.39,0.76,0.07,2.90
Jan-14,37.84,1782.59,233.92,102.71,2701.50,3108.58,0.70,0.04,2.86
Feb-14,38.31,1859.45,234.78,103.60,2706.00,3097.17,0.65,0.05,2.71
Mar-14,40.99,1872.34,236.29,104.59,2773.00,3100.08,0.68,0.05,2.72
Apr-14,40.40,1883.95,237.07,104.74,2809.60,3126.05,0.66,0.03,2.71
May-14,40.94,1923.57,237.90,105.06,2782.20,3148.69,0.60,0.03,2.56
Jun-14,41.70,1960.23,238.34,105.41,2824.80,3167.47,0.55,0.04,2.60
Jul-14,43.16,1930.67,238.25,105.56,2841.20,3188.19,0.57,0.03,2.54
Aug-14,45.43,2003.37,237.85,105.48,2790.20,3226.93,0.61,0.03,2.42
Sep-14,46.36,1972.29,238.03,105.79,2834.60,3246.13,0.69,0.02,2.53
Oct-14,46.95,2018.05,237.43,105.82,2865.00,3252.95,0.77,0.02,2.30
Nov-14,47.81,2067.56,236.15,106.66,2861.10,3268.12,0.87,0.02,2.33
Dec-14,46.45,2058.90,234.81,106.50,2992.00,3314.57,0.95,0.03,2.21
Jan-15,40.40,1994.99,233.71,105.88,2941.10,3324.21,0.99,0.03,1.88
Feb-15,43.85,2104.50,234.72,105.42,2979.60,3312.58,0.90,0.02,1.98
Mar-15,40.66,2067.89,236.12,105.09,3023.90,3319.71,0.90,0.03,2.04
Apr-15,48.64,2085.51,236.60,104.56,3035.40,3343.73,0.96,0.02,1.94
May-15,46.86,2107.39,237.81,104.07,2975.90,3366.17,0.91,0.02,2.20
Jun-15,44.15,2063.11,238.64,103.69,3020.70,3394.80,0.94,0.02,2.36
Jul-15,46.70,2103.84,238.65,104.24,3038.40,3411.99,1.05,0.03,2.32
Aug-15,43.52,1972.18,238.32,104.13,3022.30,3448.57,1.15,0.07,2.17
Sep-15,44.26,1920.03,237.95,103.73,3016.30,3478.54,1.27,0.02,2.17
Oct-15,52.64,2079.36,237.84,103.36,3011.90,3490.05,1.39,0.02,2.07
Nov-15,54.35,2080.41,237.34,102.73,3056.20,3507.49,1.40,0.13,2.26
Dec-15,55.48,2043.94,236.53,102.27,3141.10,3413.61,1.49,0.23,2.24
Jan-16,55.09,1940.24,236.92,103.03,3094.30,3425.88,1.45,0.26,2.09
Feb-16,50.88,1932.23,237.11,102.34,3097.40,3411.21,1.38,0.31,1.78
Mar-16,55.23,2059.74,238.13,101.54,3181.20,3420.93,1.31,0.30,1.89
Apr-16,49.87,2065.30,239.26,101.75,3236.50,3444.56,1.17,0.23,1.81
May-16,53.00,2096.95,240.23,101.60,3237.30,3469.47,1.03,0.28,1.81
Jun-16,51.17,2098.86,241.02,101.95,3250.10,3488.48,1.03,0.27,1.64
Jul-16,56.68,2173.60,240.63,102.14,3248.50,3504.65,0.94,0.30,1.50
Aug-16,57.46,2170.95,240.85,102.07,3323.00,3551.91,0.92,0.30,1.56
Sep-16,57.60,2168.27,241.43,101.93,3300.90,3573.32,0.90,0.29,1.63
Oct-16,59.92,2126.15,241.73,102.06,3330.70,3589.42,0.87,0.33,1.76
Nov-16,60.26,2198.81,241.35,101.83,3327.30,3613.81,0.85,0.45,2.14
Dec-16,62.14,2238.83,241.43,102.79,3383.00,3644.20,0.77,0.51,2.49
Jan-17,64.65,2278.87,242.84,102.54,3380.60,3654.22,0.74,0.52,2.43
Feb-17,63.98,2363.64,243.60,102.16,3339.40,3641.83,0.69,0.53,2.42
Mar-17,65.86,2362.72,243.80,102.72,3460.60,3640.11,0.67,0.75,2.48
Apr-17,68.46,2384.20,244.52,103.71,3466.20,3656.78,0.70,0.81,2.30
May-17,69.84,2411.80,244.73,103.71,3496.70,3679.65,0.70,0.90,2.30
Jun-17,68.93,2423.41,244.96,103.77,3501.70,3695.38,0.69,1.00,2.19
Jul-17,72.70,2470.30,244.79,103.62,3532.80,3709.14,0.69,1.09,2.32
Aug-17,74.77,2471.65,245.52,103.20,3567.60,3741.93,0.68,1.03,2.21
Sep-17,74.49,2519.36,246.82,103.18,3526.20,3753.99,0.67,1.05,2.20
Oct-17,83.18,2575.26,246.66,104.76,3582.40,3771.30,0.72,1.09,2.36
Nov-17,84.17,2584.84,246.67,105.29,3580.80,3804.89,0.70,1.25,2.35
Dec-17,85.54,2673.61,246.52,105.72,3636.40,3834.60,0.71,1.34,2.40
Jan-18,95.01,2823.81,247.87,105.31,3635.40,3843.42,0.71,1.43,2.58
Feb-18,93.77,2713.83,248.99,105.75,3557.30,3826.88,0.69,1.59,2.86
Mar-18,91.27,2640.87,249.55,106.54,3684.70,3823.99,0.77,1.73,2.84